[
  {
    "id": 1,
    "chapter": "Statistics",
    "question": "The mean of the data 2, 4, 6, 8, 10 is:",
    "options": [
      "5",
      "6",
      "7",
      "8"
    ],
    "answer": "6",
    "difficulty": "easy",
    "marks": 1,
    "solution": "This is a dummy solution for: The mean of the data 2, 4, 6, 8, 10 is:..."
  },
  {
    "id": 2,
    "chapter": "Statistics",
    "question": "The median of 3, 7, 5, 9, 11 is:",
    "options": [
      "5",
      "7",
      "9",
      "11"
    ],
    "answer": "7",
    "difficulty": "easy",
    "marks": 1,
    "solution": "This is a dummy solution for: The median of 3, 7, 5, 9, 11 is:..."
  },
  {
    "id": 3,
    "chapter": "Statistics",
    "question": "The mode of 2, 4, 4, 5, 6, 6, 6, 7 is:",
    "options": [
      "4",
      "5",
      "6",
      "7"
    ],
    "answer": "6",
    "difficulty": "easy",
    "marks": 1,
    "solution": "This is a dummy solution for: The mode of 2, 4, 4, 5, 6, 6, 6, 7 is:..."
  },
  {
    "id": 4,
    "chapter": "Statistics",
    "question": "The range of 5, 8, 12, 20, 25 is:",
    "options": [
      "20",
      "18",
      "25",
      "5"
    ],
    "answer": "20",
    "difficulty": "easy",
    "marks": 1,
    "solution": "This is a dummy solution for: The range of 5, 8, 12, 20, 25 is:..."
  },
  {
    "id": 5,
    "chapter": "Statistics",
    "question": "If mean = 10 and sum of 5 observations is 50, then the 6th observation is 15. The new mean is:",
    "options": [
      "10",
      "11",
      "12",
      "15"
    ],
    "answer": "11",
    "difficulty": "medium",
    "marks": 1,
    "solution": "This is a dummy solution for: If mean = 10 and sum of 5 observations is 50, then..."
  },
  {
    "id": 6,
    "chapter": "Statistics",
    "question": "Variance of data measures:",
    "options": [
      "Average value",
      "Spread of data",
      "Maximum value",
      "Minimum value"
    ],
    "answer": "Spread of data",
    "difficulty": "medium",
    "marks": 1,
    "solution": "This is a dummy solution for: Variance of data measures:..."
  },
  {
    "id": 7,
    "chapter": "Statistics",
    "question": "Standard deviation is the square root of:",
    "options": [
      "Mean",
      "Variance",
      "Median",
      "Mode"
    ],
    "answer": "Variance",
    "difficulty": "medium",
    "marks": 1,
    "solution": "This is a dummy solution for: Standard deviation is the square root of:..."
  },
  {
    "id": 8,
    "chapter": "Statistics",
    "question": "If all observations in a dataset are multiplied by 3, the new standard deviation is:",
    "options": [
      "Same",
      "3 times",
      "Square of original",
      "1/3 times"
    ],
    "answer": "3 times",
    "difficulty": "medium",
    "marks": 1,
    "solution": "This is a dummy solution for: If all observations in a dataset are multiplied by..."
  },
  {
    "id": 9,
    "chapter": "Statistics",
    "question": "If the sum of squares of deviations of 5 observations from their mean is 20, the variance is:",
    "options": [
      "4",
      "5",
      "20",
      "16"
    ],
    "answer": "4",
    "difficulty": "medium",
    "marks": 1,
    "solution": "This is a dummy solution for: If the sum of squares of deviations of 5 observati..."
  },
  {
    "id": 10,
    "chapter": "Statistics",
    "question": "The median is more appropriate than mean when:",
    "options": [
      "Data is symmetric",
      "Data has outliers",
      "Data is small",
      "Data is uniform"
    ],
    "answer": "Data has outliers",
    "difficulty": "medium",
    "marks": 1,
    "solution": "This is a dummy solution for: The median is more appropriate than mean when:..."
  }
]