[
  {
    "id": 1,
    "chapter": "Properties_Of_Bulk_Matter",
    "question": "The property of a material to regain its original shape after removing deforming force is called:",
    "options": [
      "Elasticity",
      "Plasticity",
      "Viscosity",
      "Ductility"
    ],
    "answer": "Elasticity",
    "difficulty": "easy",
    "marks": 1,
    "solution": "This is a dummy solution for: The property of a material to regain its original ..."
  },
  {
    "id": 2,
    "chapter": "Properties_Of_Bulk_Matter",
    "question": "The ratio of stress to strain within the elastic limit is called:",
    "options": [
      "Young's modulus",
      "Bulk modulus",
      "Shear modulus",
      "Viscosity"
    ],
    "answer": "Young's modulus",
    "difficulty": "medium",
    "marks": 1,
    "solution": "This is a dummy solution for: The ratio of stress to strain within the elastic l..."
  },
  {
    "id": 3,
    "chapter": "Properties_Of_Bulk_Matter",
    "question": "The resistance of a fluid to flow is called:",
    "options": [
      "Viscosity",
      "Elasticity",
      "Plasticity",
      "Surface tension"
    ],
    "answer": "Viscosity",
    "difficulty": "easy",
    "marks": 1,
    "solution": "This is a dummy solution for: The resistance of a fluid to flow is called:..."
  },
  {
    "id": 4,
    "chapter": "Properties_Of_Bulk_Matter",
    "question": "The SI unit of viscosity is:",
    "options": [
      "Pa·s",
      "N/m²",
      "N/m",
      "Pa"
    ],
    "answer": "Pa·s",
    "difficulty": "medium",
    "marks": 1,
    "solution": "This is a dummy solution for: The SI unit of viscosity is:..."
  },
  {
    "id": 5,
    "chapter": "Properties_Of_Bulk_Matter",
    "question": "The property of a liquid surface that allows it to resist external force is called:",
    "options": [
      "Surface tension",
      "Viscosity",
      "Elasticity",
      "Adhesion"
    ],
    "answer": "Surface tension",
    "difficulty": "easy",
    "marks": 1,
    "solution": "This is a dummy solution for: The property of a liquid surface that allows it to..."
  },
  {
    "id": 6,
    "chapter": "Properties_Of_Bulk_Matter",
    "question": "The bulk modulus of a material measures its:",
    "options": [
      "Resistance to uniform compression",
      "Resistance to shear",
      "Elastic limit",
      "Viscosity"
    ],
    "answer": "Resistance to uniform compression",
    "difficulty": "medium",
    "marks": 1,
    "solution": "This is a dummy solution for: The bulk modulus of a material measures its:..."
  },
  {
    "id": 7,
    "chapter": "Properties_Of_Bulk_Matter",
    "question": "Poisson’s ratio is the ratio of:",
    "options": [
      "Lateral strain to longitudinal strain",
      "Longitudinal strain to lateral strain",
      "Stress to strain",
      "Shear stress to shear strain"
    ],
    "answer": "Lateral strain to longitudinal strain",
    "difficulty": "medium",
    "marks": 1,
    "solution": "This is a dummy solution for: Poisson’s ratio is the ratio of:..."
  },
  {
    "id": 8,
    "chapter": "Properties_Of_Bulk_Matter",
    "question": "The force per unit length on the surface of a liquid is called:",
    "options": [
      "Surface tension",
      "Cohesive force",
      "Adhesive force",
      "Viscous force"
    ],
    "answer": "Surface tension",
    "difficulty": "medium",
    "marks": 1,
    "solution": "This is a dummy solution for: The force per unit length on the surface of a liqu..."
  },
  {
    "id": 9,
    "chapter": "Properties_Of_Bulk_Matter",
    "question": "Viscous force acting on a sphere moving in a fluid is given by:",
    "options": [
      "F = 6π η r v",
      "F = η v / r",
      "F = 4π η r² v",
      "F = η r² / v"
    ],
    "answer": "F = 6π η r v",
    "difficulty": "medium",
    "marks": 1,
    "solution": "This is a dummy solution for: Viscous force acting on a sphere moving in a fluid..."
  },
  {
    "id": 10,
    "chapter": "Properties_Of_Bulk_Matter",
    "question": "The SI unit of surface tension is:",
    "options": [
      "N/m",
      "Pa",
      "N/m²",
      "J/m²"
    ],
    "answer": "N/m",
    "difficulty": "medium",
    "marks": 1,
    "solution": "This is a dummy solution for: The SI unit of surface tension is:..."
  }
]