{
  "10th Marks (%)": "ERROR: Multiple marks per symbol",
  "11th Marks (%)": "ERROR: Multiple marks per symbol",
  "Candidate's Name\t": "ERROR: Multiple marks per symbol",
  "Centre Code": "ERROR: Multiple marks per symbol",
  "MainQuestions1": "",
  "MainQuestions2": "",
  "MainQuestions3": "",
  "MainQuestions4": "",
  "MainQuestions5": "",
  "MainQuestions6": "",
  "MainQuestions7": "",
  "MainQuestions8": "A",
  "MainQuestions9": "B",
  "MainQuestions10": "C",
  "MainQuestions11": "D",
  "MainQuestions12": "D",
  "MainQuestions13": "C",
  "MainQuestions14": "B",
  "MainQuestions15": "A",
  "MainQuestions16": "",
  "MainQuestions17": "",
  "MainQuestions18": "",
  "MainQuestions19": "",
  "MainQuestions20": "",
  "MainQuestions21": "",
  "MainQuestions22": "",
  "MainQuestions23": "",
  "MainQuestions24": "",
  "MainQuestions25": "",
  "MainQuestions26": "",
  "MainQuestions27": "",
  "MainQuestions28": "",
  "MainQuestions29": "",
  "MainQuestions30": "",
  "MainQuestions31": "",
  "MainQuestions32": "",
  "MainQuestions33": "",
  "MainQuestions34": "",
  "MainQuestions35": "A",
  "MainQuestions36": "A",
  "MainQuestions37": "",
  "MainQuestions38": "",
  "MainQuestions39": "",
  "MainQuestions40": "",
  "MainQuestions41": "",
  "MainQuestions42": "",
  "MainQuestions43": "",
  "MainQuestions44": "",
  "MainQuestions45": "",
  "MainQuestions46": "B",
  "MainQuestions47": "",
  "MainQuestions48": "",
  "MainQuestions49": "C",
  "MainQuestions50": "C",
  "MainQuestions51": "",
  "MainQuestions52": "C",
  "MainQuestions53": "C",
  "MainQuestions54": "B",
  "MainQuestions55": "",
  "MainQuestions56": "",
  "MainQuestions57": "",
  "MainQuestions58": "",
  "MainQuestions59": "",
  "MainQuestions60": "",
  "MainQuestions61": "",
  "MainQuestions62": "",
  "MainQuestions63": "",
  "MainQuestions64": "",
  "MainQuestions65": "",
  "MainQuestions66": "",
  "MainQuestions67": "",
  "MainQuestions68": "",
  "MainQuestions69": "",
  "MainQuestions70": "",
  "MainQuestions71": "D",
  "MainQuestions72": "D",
  "MainQuestions73": "",
  "MainQuestions74": "",
  "MainQuestions75": "",
  "MainQuestions76": "",
  "MainQuestions77": "",
  "MainQuestions78": "",
  "MainQuestions79": "",
  "MainQuestions80": "",
  "MainQuestions81": "",
  "MainQuestions82": "",
  "MainQuestions83": "",
  "MainQuestions84": "",
  "MainQuestions85": "",
  "MainQuestions86": "",
  "MainQuestions87": "",
  "MainQuestions88": "",
  "MainQuestions89": "",
  "MainQuestions90": "",
  "MainQuestions91": "",
  "MainQu": "",
  "MainQuestions104": "",
  "MainQuestions105": "",
  "MainQuestions106": "",
  "MainQuestions107": "B",
  "MainQuestions108": "B,D",
  "MainQuestions109": "",
  "MainQuestions110": "",
  "MainQuestions111": "",
  "MainQuestions112": "B",
  "MainQuestions113": "B",
  "MainQuestions114": "B",
  "MainQuestions115": "B",
  "MainQuestions116": "B",
  "MainQuestions117": "B",
  "MainQuestions118": "B",
  "MainQuestions119": "C",
  "MainQuestions120": "B",
  "MainQuestions121": "",
  "MainQuestions122": "C",
  "MainQuestions123": "B",
  "MainQuestions124": "B",
  "MainQuestions125": "B",
  "MainQuestions126": "B",
  "MainQuestions127": "B",
  "MainQuestions128": "B",
  "MainQuestions129": "B",
  "MainQuestions130": "B",
  "MainQuestions131": "B",
  "MainQuestions132": "B",
  "MainQuestions133": "B",
  "MainQuestions134": "B",
  "MainQuestions135": "B",
  "MainQuestions136": "B",
  "MainQuestions137": "B",
  "MainQuestions138": "B",
  "MainQuestions139": "B",
  "MainQuestions140": "B",
  "MainQuestions141": "B",
  "MainQuestions142": "B",
  "MainQuestions143": "B",
  "MainQuestions144": "B",
  "MainQuestions145": "",
  "MainQuestions146": "",
  "MainQuestions147": "C",
  "MainQuestions148": "",
  "MainQuestions149": "B",
  "MainQuestions150": "",
  "MainQuestions151": "B",
  "MainQuestions152": "C",
  "MainQuestions153": "",
  "MainQuestions154": "B",
  "MainQuestions155": "C",
  "MainQuestions156": "B",
  "MainQuestions157": "",
  "MainQuestions158": "C",
  "MainQuestions159": "B",
  "MainQuestions160": "",
  "MainQuestions161": "C",
  "MainQuestions162": "",
  "MainQuestions163": "B",
  "MainQuestions164": "C",
  "MainQuestions165": "C",
  "MainQuestions166": "",
  "MainQuestions167": "B",
  "MainQuestions168": "C",
  "MainQuestions169": "B",
  "MainQuestions170": "",
  "MainQuestions171": "",
  "MainQuestions172": "",
  "MainQuestions173": "",
  "MainQuestions174": "",
  "MainQuestions175": "",
  "MainQuestions176": "",
  "MainQuestions177": "",
  "MainQuestions178": "",
  "MainQuestions179": "",
  "MainQuestions180": "A",
  "Mobile Number": "ERROR: Multiple marks per symbol",
  "Roll No.": "ERROR: Multiple marks per symbol",
  "sheet id": "4321"
}